<?xml version="1.0" encoding="UTF-8" standalone="yes"?>
<DatabaseModel VersionId="2.3">
    <Name>Biblioteka</Name>
    <Description></Description>
    <DatabaseEngine>
        <Name>oracle</Name>
        <Version>11g/12c</Version>
    </DatabaseEngine>
    <Counters>
        <Counter>
            <Name>table</Name>
            <Value>10</Value>
            <Prefix>t</Prefix>
        </Counter>
        <Counter>
            <Name>column</Name>
            <Value>48</Value>
            <Prefix>c</Prefix>
        </Counter>
        <Counter>
            <Name>index</Name>
            <Value>0</Value>
            <Prefix>i</Prefix>
        </Counter>
        <Counter>
            <Name>reference</Name>
            <Value>16</Value>
            <Prefix>r</Prefix>
        </Counter>
        <Counter>
            <Name>table_check</Name>
            <Value>0</Value>
            <Prefix>tc</Prefix>
        </Counter>
        <Counter>
            <Name>alternate_key</Name>
            <Value>0</Value>
            <Prefix>a</Prefix>
        </Counter>
        <Counter>
            <Name>sequence</Name>
            <Value>0</Value>
            <Prefix>s</Prefix>
        </Counter>
        <Counter>
            <Name>note</Name>
            <Value>12</Value>
            <Prefix>n</Prefix>
        </Counter>
        <Counter>
            <Name>view</Name>
            <Value>0</Value>
            <Prefix>v</Prefix>
        </Counter>
        <Counter>
            <Name>view_column</Name>
            <Value>0</Value>
            <Prefix>vc</Prefix>
        </Counter>
        <Counter>
            <Name>area</Name>
            <Value>0</Value>
            <Prefix>ar</Prefix>
        </Counter>
        <Counter>
            <Name>text</Name>
            <Value>0</Value>
            <Prefix>tx</Prefix>
        </Counter>
        <Counter>
            <Name>tableDisplay</Name>
            <Value>10</Value>
            <Prefix>td</Prefix>
        </Counter>
        <Counter>
            <Name>viewDisplay</Name>
            <Value>0</Value>
            <Prefix>vd</Prefix>
        </Counter>
        <Counter>
            <Name>referenceDisplay</Name>
            <Value>16</Value>
            <Prefix>rd</Prefix>
        </Counter>
    </Counters>
    <AdditionalSQLBeforeCreate></AdditionalSQLBeforeCreate>
    <AdditionalSQLAfterCreate></AdditionalSQLAfterCreate>
    <AdditionalSQLBeforeDrop></AdditionalSQLBeforeDrop>
    <AdditionalSQLAfterDrop></AdditionalSQLAfterDrop>
    <Tables>
        <Table Id="t1">
            <Name>Autor</Name>
            <Description></Description>
            <Columns>
                <Column Id="c1">
                    <Name>idAutora</Name>
                    <Type>integer</Type>
                    <Description></Description>
                    <Nullable>false</Nullable>
                    <DefaultValue></DefaultValue>
                    <CheckExpression></CheckExpression>
                    <Properties/>
                </Column>
                <Column Id="c2">
                    <Name>Imie</Name>
                    <Type>varchar2(20)</Type>
                    <Description></Description>
                    <Nullable>false</Nullable>
                    <DefaultValue></DefaultValue>
                    <CheckExpression></CheckExpression>
                    <Properties/>
                </Column>
                <Column Id="c3">
                    <Name>Nazwisko</Name>
                    <Type>varchar2(30)</Type>
                    <Description></Description>
                    <Nullable>false</Nullable>
                    <DefaultValue></DefaultValue>
                    <CheckExpression></CheckExpression>
                    <Properties/>
                </Column>
            </Columns>
            <PrimaryKey>
                <Name></Name>
                <Columns>
                    <Column>c1</Column>
                </Columns>
            </PrimaryKey>
            <AlternateKeys/>
            <Indexes/>
            <TableChecks/>
            <AdditionalSQLBefore></AdditionalSQLBefore>
            <AdditionalSQLAfter></AdditionalSQLAfter>
            <Properties/>
        </Table>
        <Table Id="t2">
            <Name>Wydawnictwo</Name>
            <Description></Description>
            <Columns>
                <Column Id="c4">
                    <Name>idWydawnictwa</Name>
                    <Type>integer</Type>
                    <Description></Description>
                    <Nullable>false</Nullable>
                    <DefaultValue></DefaultValue>
                    <CheckExpression></CheckExpression>
                    <Properties/>
                </Column>
                <Column Id="c5">
                    <Name>nazwaWydawnictwa</Name>
                    <Type>varchar2(50)</Type>
                    <Description></Description>
                    <Nullable>false</Nullable>
                    <DefaultValue></DefaultValue>
                    <CheckExpression></CheckExpression>
                    <Properties/>
                </Column>
            </Columns>
            <PrimaryKey>
                <Name></Name>
                <Columns>
                    <Column>c4</Column>
                </Columns>
            </PrimaryKey>
            <AlternateKeys/>
            <Indexes/>
            <TableChecks/>
            <AdditionalSQLBefore></AdditionalSQLBefore>
            <AdditionalSQLAfter></AdditionalSQLAfter>
            <Properties/>
        </Table>
        <Table Id="t3">
            <Name>Wydanie</Name>
            <Description></Description>
            <Columns>
                <Column Id="c39">
                    <Name>idWydania</Name>
                    <Type>integer</Type>
                    <Description></Description>
                    <Nullable>false</Nullable>
                    <DefaultValue></DefaultValue>
                    <CheckExpression></CheckExpression>
                    <Properties/>
                </Column>
                <Column Id="c15">
                    <Name>numerISBN</Name>
                    <Type>integer</Type>
                    <Description></Description>
                    <Nullable>false</Nullable>
                    <DefaultValue></DefaultValue>
                    <CheckExpression></CheckExpression>
                    <Properties/>
                </Column>
                <Column Id="c12">
                    <Name>Wydawnictwo_idWydawnictwa</Name>
                    <Type>integer</Type>
                    <Description></Description>
                    <Nullable>false</Nullable>
                    <DefaultValue></DefaultValue>
                    <CheckExpression></CheckExpression>
                    <Properties/>
                </Column>
                <Column Id="c42">
                    <Name>Ksiazka_idKsiazki</Name>
                    <Type>integer</Type>
                    <Description></Description>
                    <Nullable>false</Nullable>
                    <DefaultValue></DefaultValue>
                    <CheckExpression></CheckExpression>
                    <Properties/>
                </Column>
                <Column Id="c14">
                    <Name>dataWydania</Name>
                    <Type>date</Type>
                    <Description></Description>
                    <Nullable>false</Nullable>
                    <DefaultValue></DefaultValue>
                    <CheckExpression></CheckExpression>
                    <Properties/>
                </Column>
            </Columns>
            <PrimaryKey>
                <Name></Name>
                <Columns>
                    <Column>c39</Column>
                </Columns>
            </PrimaryKey>
            <AlternateKeys/>
            <Indexes/>
            <TableChecks/>
            <AdditionalSQLBefore></AdditionalSQLBefore>
            <AdditionalSQLAfter></AdditionalSQLAfter>
            <Properties/>
        </Table>
        <Table Id="t4">
            <Name>Ksiazka</Name>
            <Description></Description>
            <Columns>
                <Column Id="c6">
                    <Name>idKsiazki</Name>
                    <Type>integer</Type>
                    <Description></Description>
                    <Nullable>false</Nullable>
                    <DefaultValue></DefaultValue>
                    <CheckExpression></CheckExpression>
                    <Properties/>
                </Column>
                <Column Id="c7">
                    <Name>tytulKsiazki</Name>
                    <Type>varchar2(20)</Type>
                    <Description></Description>
                    <Nullable>false</Nullable>
                    <DefaultValue></DefaultValue>
                    <CheckExpression></CheckExpression>
                    <Properties/>
                </Column>
                <Column Id="c41">
                    <Name>Autor_idAutora</Name>
                    <Type>integer</Type>
                    <Description></Description>
                    <Nullable>false</Nullable>
                    <DefaultValue></DefaultValue>
                    <CheckExpression></CheckExpression>
                    <Properties/>
                </Column>
                <Column Id="c48">
                    <Name>Kategoria_idKategorii</Name>
                    <Type>integer</Type>
                    <Description></Description>
                    <Nullable>false</Nullable>
                    <DefaultValue></DefaultValue>
                    <CheckExpression></CheckExpression>
                    <Properties/>
                </Column>
                <Column Id="c9">
                    <Name>opisKsiazki</Name>
                    <Type>varchar2(200)</Type>
                    <Description></Description>
                    <Nullable>false</Nullable>
                    <DefaultValue></DefaultValue>
                    <CheckExpression></CheckExpression>
                    <Properties/>
                </Column>
            </Columns>
            <PrimaryKey>
                <Name></Name>
                <Columns>
                    <Column>c6</Column>
                </Columns>
            </PrimaryKey>
            <AlternateKeys/>
            <Indexes/>
            <TableChecks/>
            <AdditionalSQLBefore></AdditionalSQLBefore>
            <AdditionalSQLAfter></AdditionalSQLAfter>
            <Properties/>
        </Table>
        <Table Id="t5">
            <Name>Wypozyczenie</Name>
            <Description></Description>
            <Columns>
                <Column Id="c26">
                    <Name>idWypozyczenia</Name>
                    <Type>integer</Type>
                    <Description></Description>
                    <Nullable>false</Nullable>
                    <DefaultValue></DefaultValue>
                    <CheckExpression></CheckExpression>
                    <Properties/>
                </Column>
                <Column Id="c43">
                    <Name>Egzemplarz_idEgzemplarza</Name>
                    <Type>integer</Type>
                    <Description></Description>
                    <Nullable>false</Nullable>
                    <DefaultValue></DefaultValue>
                    <CheckExpression></CheckExpression>
                    <Properties/>
                </Column>
                <Column Id="c45">
                    <Name>Czytelnik_idCzytelnika</Name>
                    <Type>integer</Type>
                    <Description></Description>
                    <Nullable>false</Nullable>
                    <DefaultValue></DefaultValue>
                    <CheckExpression></CheckExpression>
                    <Properties/>
                </Column>
                <Column Id="c44">
                    <Name>Pracownik_idPracownika</Name>
                    <Type>integer</Type>
                    <Description></Description>
                    <Nullable>false</Nullable>
                    <DefaultValue></DefaultValue>
                    <CheckExpression></CheckExpression>
                    <Properties/>
                </Column>
                <Column Id="c37">
                    <Name>dataWypozyczenia</Name>
                    <Type>date</Type>
                    <Description></Description>
                    <Nullable>false</Nullable>
                    <DefaultValue></DefaultValue>
                    <CheckExpression></CheckExpression>
                    <Properties/>
                </Column>
                <Column Id="c38">
                    <Name>dataZwrotu</Name>
                    <Type>date</Type>
                    <Description></Description>
                    <Nullable>true</Nullable>
                    <DefaultValue></DefaultValue>
                    <CheckExpression></CheckExpression>
                    <Properties/>
                </Column>
            </Columns>
            <PrimaryKey>
                <Name></Name>
                <Columns>
                    <Column>c26</Column>
                </Columns>
            </PrimaryKey>
            <AlternateKeys/>
            <Indexes/>
            <TableChecks/>
            <AdditionalSQLBefore></AdditionalSQLBefore>
            <AdditionalSQLAfter></AdditionalSQLAfter>
            <Properties/>
        </Table>
        <Table Id="t6">
            <Name>Egzemplarz</Name>
            <Description></Description>
            <Columns>
                <Column Id="c27">
                    <Name>idEgzemplarza</Name>
                    <Type>integer</Type>
                    <Description></Description>
                    <Nullable>false</Nullable>
                    <DefaultValue></DefaultValue>
                    <CheckExpression></CheckExpression>
                    <Properties/>
                </Column>
                <Column Id="c40">
                    <Name>Wydanie_idWydania</Name>
                    <Type>integer</Type>
                    <Description></Description>
                    <Nullable>false</Nullable>
                    <DefaultValue></DefaultValue>
                    <CheckExpression></CheckExpression>
                    <Properties/>
                </Column>
                <Column Id="c28">
                    <Name>rokZakupienia</Name>
                    <Type>integer</Type>
                    <Description></Description>
                    <Nullable>false</Nullable>
                    <DefaultValue></DefaultValue>
                    <CheckExpression></CheckExpression>
                    <Properties/>
                </Column>
            </Columns>
            <PrimaryKey>
                <Name></Name>
                <Columns>
                    <Column>c27</Column>
                </Columns>
            </PrimaryKey>
            <AlternateKeys/>
            <Indexes/>
            <TableChecks/>
            <AdditionalSQLBefore></AdditionalSQLBefore>
            <AdditionalSQLAfter></AdditionalSQLAfter>
            <Properties/>
        </Table>
        <Table Id="t7">
            <Name>Pracownik</Name>
            <Description></Description>
            <Columns>
                <Column Id="c20">
                    <Name>idPracownika</Name>
                    <Type>integer</Type>
                    <Description></Description>
                    <Nullable>false</Nullable>
                    <DefaultValue></DefaultValue>
                    <CheckExpression></CheckExpression>
                    <Properties/>
                </Column>
                <Column Id="c21">
                    <Name>imie</Name>
                    <Type>varchar2(20)</Type>
                    <Description></Description>
                    <Nullable>false</Nullable>
                    <DefaultValue></DefaultValue>
                    <CheckExpression></CheckExpression>
                    <Properties/>
                </Column>
                <Column Id="c22">
                    <Name>nazwisko</Name>
                    <Type>varchar2(30)</Type>
                    <Description></Description>
                    <Nullable>false</Nullable>
                    <DefaultValue></DefaultValue>
                    <CheckExpression></CheckExpression>
                    <Properties/>
                </Column>
                <Column Id="c23">
                    <Name>Rola_idRoli</Name>
                    <Type>integer</Type>
                    <Description></Description>
                    <Nullable>false</Nullable>
                    <DefaultValue></DefaultValue>
                    <CheckExpression></CheckExpression>
                    <Properties/>
                </Column>
                <Column Id="c24">
                    <Name>dodatekDoPensji</Name>
                    <Type>integer</Type>
                    <Description></Description>
                    <Nullable>false</Nullable>
                    <DefaultValue></DefaultValue>
                    <CheckExpression></CheckExpression>
                    <Properties/>
                </Column>
            </Columns>
            <PrimaryKey>
                <Name></Name>
                <Columns>
                    <Column>c20</Column>
                </Columns>
            </PrimaryKey>
            <AlternateKeys/>
            <Indexes/>
            <TableChecks/>
            <AdditionalSQLBefore></AdditionalSQLBefore>
            <AdditionalSQLAfter></AdditionalSQLAfter>
            <Properties/>
        </Table>
        <Table Id="t8">
            <Name>Rola</Name>
            <Description></Description>
            <Columns>
                <Column Id="c17">
                    <Name>idRoli</Name>
                    <Type>integer</Type>
                    <Description></Description>
                    <Nullable>false</Nullable>
                    <DefaultValue></DefaultValue>
                    <CheckExpression></CheckExpression>
                    <Properties/>
                </Column>
                <Column Id="c18">
                    <Name>nazwaRoli</Name>
                    <Type>varchar2(15)</Type>
                    <Description></Description>
                    <Nullable>false</Nullable>
                    <DefaultValue></DefaultValue>
                    <CheckExpression></CheckExpression>
                    <Properties/>
                </Column>
                <Column Id="c19">
                    <Name>podstawowaPensja</Name>
                    <Type>integer</Type>
                    <Description></Description>
                    <Nullable>false</Nullable>
                    <DefaultValue></DefaultValue>
                    <CheckExpression></CheckExpression>
                    <Properties/>
                </Column>
                <Column Id="c25">
                    <Name>obowiazki</Name>
                    <Type>varchar2(100)</Type>
                    <Description></Description>
                    <Nullable>false</Nullable>
                    <DefaultValue></DefaultValue>
                    <CheckExpression></CheckExpression>
                    <Properties/>
                </Column>
            </Columns>
            <PrimaryKey>
                <Name></Name>
                <Columns>
                    <Column>c17</Column>
                </Columns>
            </PrimaryKey>
            <AlternateKeys/>
            <Indexes/>
            <TableChecks/>
            <AdditionalSQLBefore></AdditionalSQLBefore>
            <AdditionalSQLAfter></AdditionalSQLAfter>
            <Properties/>
        </Table>
        <Table Id="t9">
            <Name>Czytelnik</Name>
            <Description></Description>
            <Columns>
                <Column Id="c30">
                    <Name>idCzytelnika</Name>
                    <Type>integer</Type>
                    <Description></Description>
                    <Nullable>false</Nullable>
                    <DefaultValue></DefaultValue>
                    <CheckExpression></CheckExpression>
                    <Properties/>
                </Column>
                <Column Id="c31">
                    <Name>Imie</Name>
                    <Type>varchar2(20)</Type>
                    <Description></Description>
                    <Nullable>false</Nullable>
                    <DefaultValue></DefaultValue>
                    <CheckExpression></CheckExpression>
                    <Properties/>
                </Column>
                <Column Id="c32">
                    <Name>Nazwisko</Name>
                    <Type>varchar2(30)</Type>
                    <Description></Description>
                    <Nullable>false</Nullable>
                    <DefaultValue></DefaultValue>
                    <CheckExpression></CheckExpression>
                    <Properties/>
                </Column>
                <Column Id="c33">
                    <Name>PESEL</Name>
                    <Type>char(11)</Type>
                    <Description></Description>
                    <Nullable>false</Nullable>
                    <DefaultValue></DefaultValue>
                    <CheckExpression></CheckExpression>
                    <Properties/>
                </Column>
                <Column Id="c34">
                    <Name>AdresZamieszkania</Name>
                    <Type>varchar2(30)</Type>
                    <Description></Description>
                    <Nullable>false</Nullable>
                    <DefaultValue></DefaultValue>
                    <CheckExpression></CheckExpression>
                    <Properties/>
                </Column>
            </Columns>
            <PrimaryKey>
                <Name></Name>
                <Columns>
                    <Column>c30</Column>
                </Columns>
            </PrimaryKey>
            <AlternateKeys/>
            <Indexes/>
            <TableChecks/>
            <AdditionalSQLBefore></AdditionalSQLBefore>
            <AdditionalSQLAfter></AdditionalSQLAfter>
            <Properties/>
        </Table>
        <Table Id="t10">
            <Name>Kategoria</Name>
            <Description></Description>
            <Columns>
                <Column Id="c46">
                    <Name>idKategorii</Name>
                    <Type>integer</Type>
                    <Description></Description>
                    <Nullable>false</Nullable>
                    <DefaultValue></DefaultValue>
                    <CheckExpression></CheckExpression>
                    <Properties/>
                </Column>
                <Column Id="c47">
                    <Name>nazwaKategorii</Name>
                    <Type>varchar2(15)</Type>
                    <Description></Description>
                    <Nullable>false</Nullable>
                    <DefaultValue></DefaultValue>
                    <CheckExpression></CheckExpression>
                    <Properties/>
                </Column>
            </Columns>
            <PrimaryKey>
                <Name></Name>
                <Columns>
                    <Column>c46</Column>
                </Columns>
            </PrimaryKey>
            <AlternateKeys/>
            <Indexes/>
            <TableChecks/>
            <AdditionalSQLBefore></AdditionalSQLBefore>
            <AdditionalSQLAfter></AdditionalSQLAfter>
            <Properties/>
        </Table>
    </Tables>
    <Views/>
    <References>
        <Reference Id="r2">
            <Name>Wydanie_Wydawnictwo</Name>
            <Description></Description>
            <PKTable>t2</PKTable>
            <FKTable>t3</FKTable>
            <PKRole></PKRole>
            <FKRole></FKRole>
            <ReferenceColumns>
                <ReferenceColumn>
                    <PKColumn>c4</PKColumn>
                    <FKColumn>c12</FKColumn>
                </ReferenceColumn>
            </ReferenceColumns>
            <Cardinality>0..*</Cardinality>
            <Mandatory>true</Mandatory>
            <OnUpdateAction>None</OnUpdateAction>
            <OnDeleteAction>None</OnDeleteAction>
            <Properties/>
        </Reference>
        <Reference Id="r4">
            <Name>Pracownik_Rola</Name>
            <Description></Description>
            <PKTable>t8</PKTable>
            <FKTable>t7</FKTable>
            <PKRole></PKRole>
            <FKRole></FKRole>
            <ReferenceColumns>
                <ReferenceColumn>
                    <PKColumn>c17</PKColumn>
                    <FKColumn>c23</FKColumn>
                </ReferenceColumn>
            </ReferenceColumns>
            <Cardinality>0..*</Cardinality>
            <Mandatory>true</Mandatory>
            <OnUpdateAction>None</OnUpdateAction>
            <OnDeleteAction>None</OnDeleteAction>
            <Properties/>
        </Reference>
        <Reference Id="r10">
            <Name>Egzemplarz_Wydanie</Name>
            <Description></Description>
            <PKTable>t3</PKTable>
            <FKTable>t6</FKTable>
            <PKRole></PKRole>
            <FKRole></FKRole>
            <ReferenceColumns>
                <ReferenceColumn>
                    <PKColumn>c39</PKColumn>
                    <FKColumn>c40</FKColumn>
                </ReferenceColumn>
            </ReferenceColumns>
            <Cardinality>0..*</Cardinality>
            <Mandatory>true</Mandatory>
            <OnUpdateAction>None</OnUpdateAction>
            <OnDeleteAction>None</OnDeleteAction>
            <Properties/>
        </Reference>
        <Reference Id="r11">
            <Name>Ksiazka_Autor</Name>
            <Description></Description>
            <PKTable>t1</PKTable>
            <FKTable>t4</FKTable>
            <PKRole></PKRole>
            <FKRole></FKRole>
            <ReferenceColumns>
                <ReferenceColumn>
                    <PKColumn>c1</PKColumn>
                    <FKColumn>c41</FKColumn>
                </ReferenceColumn>
            </ReferenceColumns>
            <Cardinality>0..*</Cardinality>
            <Mandatory>true</Mandatory>
            <OnUpdateAction>None</OnUpdateAction>
            <OnDeleteAction>None</OnDeleteAction>
            <Properties/>
        </Reference>
        <Reference Id="r12">
            <Name>Wydanie_Ksiazka</Name>
            <Description></Description>
            <PKTable>t4</PKTable>
            <FKTable>t3</FKTable>
            <PKRole></PKRole>
            <FKRole></FKRole>
            <ReferenceColumns>
                <ReferenceColumn>
                    <PKColumn>c6</PKColumn>
                    <FKColumn>c42</FKColumn>
                </ReferenceColumn>
            </ReferenceColumns>
            <Cardinality>0..*</Cardinality>
            <Mandatory>true</Mandatory>
            <OnUpdateAction>None</OnUpdateAction>
            <OnDeleteAction>None</OnDeleteAction>
            <Properties/>
        </Reference>
        <Reference Id="r13">
            <Name>Wypozyczenie_Egzemplarz</Name>
            <Description></Description>
            <PKTable>t6</PKTable>
            <FKTable>t5</FKTable>
            <PKRole></PKRole>
            <FKRole></FKRole>
            <ReferenceColumns>
                <ReferenceColumn>
                    <PKColumn>c27</PKColumn>
                    <FKColumn>c43</FKColumn>
                </ReferenceColumn>
            </ReferenceColumns>
            <Cardinality>0..*</Cardinality>
            <Mandatory>true</Mandatory>
            <OnUpdateAction>None</OnUpdateAction>
            <OnDeleteAction>None</OnDeleteAction>
            <Properties/>
        </Reference>
        <Reference Id="r14">
            <Name>Wypozyczenie_Pracownik</Name>
            <Description></Description>
            <PKTable>t7</PKTable>
            <FKTable>t5</FKTable>
            <PKRole></PKRole>
            <FKRole></FKRole>
            <ReferenceColumns>
                <ReferenceColumn>
                    <PKColumn>c20</PKColumn>
                    <FKColumn>c44</FKColumn>
                </ReferenceColumn>
            </ReferenceColumns>
            <Cardinality>0..*</Cardinality>
            <Mandatory>true</Mandatory>
            <OnUpdateAction>None</OnUpdateAction>
            <OnDeleteAction>None</OnDeleteAction>
            <Properties/>
        </Reference>
        <Reference Id="r15">
            <Name>Wypozyczenie_Czytelnik</Name>
            <Description></Description>
            <PKTable>t9</PKTable>
            <FKTable>t5</FKTable>
            <PKRole></PKRole>
            <FKRole></FKRole>
            <ReferenceColumns>
                <ReferenceColumn>
                    <PKColumn>c30</PKColumn>
                    <FKColumn>c45</FKColumn>
                </ReferenceColumn>
            </ReferenceColumns>
            <Cardinality>0..*</Cardinality>
            <Mandatory>true</Mandatory>
            <OnUpdateAction>None</OnUpdateAction>
            <OnDeleteAction>None</OnDeleteAction>
            <Properties/>
        </Reference>
        <Reference Id="r16">
            <Name>Ksiazka_Kategoria</Name>
            <Description></Description>
            <PKTable>t10</PKTable>
            <FKTable>t4</FKTable>
            <PKRole></PKRole>
            <FKRole></FKRole>
            <ReferenceColumns>
                <ReferenceColumn>
                    <PKColumn>c46</PKColumn>
                    <FKColumn>c48</FKColumn>
                </ReferenceColumn>
            </ReferenceColumns>
            <Cardinality>0..*</Cardinality>
            <Mandatory>true</Mandatory>
            <OnUpdateAction>None</OnUpdateAction>
            <OnDeleteAction>None</OnDeleteAction>
            <Properties/>
        </Reference>
    </References>
    <Sequences/>
    <Notes/>
    <Areas/>
    <Texts/>
    <TableDisplays>
        <TableDisplay Id="td1">
            <X>6481.5</X>
            <Y>6637.5</Y>
            <Width>166.0</Width>
            <Height>73.0</Height>
            <LineColor>#000000</LineColor>
            <FillColor>#ffffff</FillColor>
            <Table>t1</Table>
            <FixedSize>false</FixedSize>
        </TableDisplay>
        <TableDisplay Id="td2">
            <X>6736.5</X>
            <Y>6654.5</Y>
            <Width>222.0</Width>
            <Height>60.0</Height>
            <LineColor>#000000</LineColor>
            <FillColor>#ffffff</FillColor>
            <Table>t2</Table>
            <FixedSize>false</FixedSize>
        </TableDisplay>
        <TableDisplay Id="td3">
            <X>6770.5</X>
            <Y>6837.5</Y>
            <Width>295.0</Width>
            <Height>116.0</Height>
            <LineColor>#000000</LineColor>
            <FillColor>#ffffff</FillColor>
            <Table>t3</Table>
            <FixedSize>false</FixedSize>
        </TableDisplay>
        <TableDisplay Id="td4">
            <X>6487.5</X>
            <Y>6837.5</Y>
            <Width>230.0</Width>
            <Height>102.0</Height>
            <LineColor>#000000</LineColor>
            <FillColor>#ffffff</FillColor>
            <Table>t4</Table>
            <FixedSize>false</FixedSize>
        </TableDisplay>
        <TableDisplay Id="td5">
            <X>7093.5</X>
            <Y>7090.5</Y>
            <Width>263.0</Width>
            <Height>116.0</Height>
            <LineColor>#000000</LineColor>
            <FillColor>#ffffff</FillColor>
            <Table>t5</Table>
            <FixedSize>false</FixedSize>
        </TableDisplay>
        <TableDisplay Id="td6">
            <X>6788.5</X>
            <Y>7125.5</Y>
            <Width>193.0</Width>
            <Height>73.0</Height>
            <LineColor>#000000</LineColor>
            <FillColor>#ffffff</FillColor>
            <Table>t6</Table>
            <FixedSize>false</FixedSize>
        </TableDisplay>
        <TableDisplay Id="td7">
            <X>7138.5</X>
            <Y>6841.5</Y>
            <Width>205.0</Width>
            <Height>102.0</Height>
            <LineColor>#000000</LineColor>
            <FillColor>#ffffff</FillColor>
            <Table>t7</Table>
            <FixedSize>false</FixedSize>
        </TableDisplay>
        <TableDisplay Id="td8">
            <X>7153.5</X>
            <Y>6651.5</Y>
            <Width>227.0</Width>
            <Height>87.0</Height>
            <LineColor>#000000</LineColor>
            <FillColor>#ffffff</FillColor>
            <Table>t8</Table>
            <FixedSize>false</FixedSize>
        </TableDisplay>
        <TableDisplay Id="td9">
            <X>7454.5</X>
            <Y>7107.5</Y>
            <Width>214.0</Width>
            <Height>102.0</Height>
            <LineColor>#000000</LineColor>
            <FillColor>#ffffff</FillColor>
            <Table>t9</Table>
            <FixedSize>false</FixedSize>
        </TableDisplay>
        <TableDisplay Id="td10">
            <X>6511.5</X>
            <Y>7057.5</Y>
            <Width>191.0</Width>
            <Height>60.0</Height>
            <LineColor>#000000</LineColor>
            <FillColor>#ffffff</FillColor>
            <Table>t10</Table>
            <FixedSize>false</FixedSize>
        </TableDisplay>
    </TableDisplays>
    <ViewDisplays/>
    <ReferenceDisplays>
        <ReferenceDisplay Id="rd2">
            <Color>#000000</Color>
            <Type>Horizontal_4CP</Type>
            <ControlPoints>
                <ControlPoint>
                    <X>6861.5</X>
                    <Y>6691.5</Y>
                </ControlPoint>
                <ControlPoint>
                    <X>6844.5</X>
                    <Y>6691.5</Y>
                </ControlPoint>
                <ControlPoint>
                    <X>6844.5</X>
                    <Y>6874.5</Y>
                </ControlPoint>
                <ControlPoint>
                    <X>6841.5</X>
                    <Y>6874.5</Y>
                </ControlPoint>
            </ControlPoints>
            <PkTableDisplay>td2</PkTableDisplay>
            <FkTableDisplay>td3</FkTableDisplay>
            <Reference>r2</Reference>
        </ReferenceDisplay>
        <ReferenceDisplay Id="rd4">
            <Color>#000000</Color>
            <Type>Vertical_2CP</Type>
            <ControlPoints>
                <ControlPoint>
                    <X>7270.5</X>
                    <Y>6697.5</Y>
                </ControlPoint>
                <ControlPoint>
                    <X>7270.5</X>
                    <Y>6881.5</Y>
                </ControlPoint>
            </ControlPoints>
            <PkTableDisplay>td8</PkTableDisplay>
            <FkTableDisplay>td7</FkTableDisplay>
            <Reference>r4</Reference>
        </ReferenceDisplay>
        <ReferenceDisplay Id="rd10">
            <Color>#000000</Color>
            <Type>Vertical_2CP</Type>
            <ControlPoints>
                <ControlPoint>
                    <X>6871.5</X>
                    <Y>6901.5</Y>
                </ControlPoint>
                <ControlPoint>
                    <X>6871.5</X>
                    <Y>7161.5</Y>
                </ControlPoint>
            </ControlPoints>
            <PkTableDisplay>td3</PkTableDisplay>
            <FkTableDisplay>td6</FkTableDisplay>
            <Reference>r10</Reference>
        </ReferenceDisplay>
        <ReferenceDisplay Id="rd11">
            <Color>#000000</Color>
            <Type>Vertical_2CP</Type>
            <ControlPoints>
                <ControlPoint>
                    <X>6559.5</X>
                    <Y>6675.5</Y>
                </ControlPoint>
                <ControlPoint>
                    <X>6559.5</X>
                    <Y>6900.5</Y>
                </ControlPoint>
            </ControlPoints>
            <PkTableDisplay>td1</PkTableDisplay>
            <FkTableDisplay>td4</FkTableDisplay>
            <Reference>r11</Reference>
        </ReferenceDisplay>
        <ReferenceDisplay Id="rd12">
            <Color>#000000</Color>
            <Type>Horizontal_2CP</Type>
            <ControlPoints>
                <ControlPoint>
                    <X>6607.5</X>
                    <Y>6907.5</Y>
                </ControlPoint>
                <ControlPoint>
                    <X>6853.5</X>
                    <Y>6907.5</Y>
                </ControlPoint>
            </ControlPoints>
            <PkTableDisplay>td4</PkTableDisplay>
            <FkTableDisplay>td3</FkTableDisplay>
            <Reference>r12</Reference>
        </ReferenceDisplay>
        <ReferenceDisplay Id="rd13">
            <Color>#000000</Color>
            <Type>Horizontal_2CP</Type>
            <ControlPoints>
                <ControlPoint>
                    <X>6919.5</X>
                    <Y>7163.5</Y>
                </ControlPoint>
                <ControlPoint>
                    <X>7196.5</X>
                    <Y>7163.5</Y>
                </ControlPoint>
            </ControlPoints>
            <PkTableDisplay>td6</PkTableDisplay>
            <FkTableDisplay>td5</FkTableDisplay>
            <Reference>r13</Reference>
        </ReferenceDisplay>
        <ReferenceDisplay Id="rd14">
            <Color>#000000</Color>
            <Type>Vertical_2CP</Type>
            <ControlPoints>
                <ControlPoint>
                    <X>7264.5</X>
                    <Y>6896.5</Y>
                </ControlPoint>
                <ControlPoint>
                    <X>7264.5</X>
                    <Y>7130.5</Y>
                </ControlPoint>
            </ControlPoints>
            <PkTableDisplay>td7</PkTableDisplay>
            <FkTableDisplay>td5</FkTableDisplay>
            <Reference>r14</Reference>
        </ReferenceDisplay>
        <ReferenceDisplay Id="rd15">
            <Color>#000000</Color>
            <Type>Horizontal_2CP</Type>
            <ControlPoints>
                <ControlPoint>
                    <X>7541.5</X>
                    <Y>7153.5</Y>
                </ControlPoint>
                <ControlPoint>
                    <X>7276.5</X>
                    <Y>7153.5</Y>
                </ControlPoint>
            </ControlPoints>
            <PkTableDisplay>td9</PkTableDisplay>
            <FkTableDisplay>td5</FkTableDisplay>
            <Reference>r15</Reference>
        </ReferenceDisplay>
        <ReferenceDisplay Id="rd16">
            <Color>#000000</Color>
            <Type>Vertical_2CP</Type>
            <ControlPoints>
                <ControlPoint>
                    <X>6600.5</X>
                    <Y>7087.5</Y>
                </ControlPoint>
                <ControlPoint>
                    <X>6600.5</X>
                    <Y>6887.5</Y>
                </ControlPoint>
            </ControlPoints>
            <PkTableDisplay>td10</PkTableDisplay>
            <FkTableDisplay>td4</FkTableDisplay>
            <Reference>r16</Reference>
        </ReferenceDisplay>
    </ReferenceDisplays>
    <Properties>
        <Property>
            <Name>pdf-printer-paper-size</Name>
            <Value>A4</Value>
        </Property>
        <Property>
            <Name>pdf-printer-margin-top</Name>
            <Value>10</Value>
        </Property>
        <Property>
            <Name>pdf-printer-margin-bottom</Name>
            <Value>10</Value>
        </Property>
        <Property>
            <Name>pdf-printer-margin-left</Name>
            <Value>10</Value>
        </Property>
        <Property>
            <Name>pdf-printer-margin-right</Name>
            <Value>10</Value>
        </Property>
        <Property>
            <Name>pdf-printer-page-orientation</Name>
            <Value>landscape</Value>
        </Property>
        <Property>
            <Name>pdf-printer-show-pages</Name>
            <Value>false</Value>
        </Property>
        <Property>
            <Name>pdf-printer-include-footer</Name>
            <Value>true</Value>
        </Property>
        <Property>
            <Name>reference-notation</Name>
            <Value>crows-foot</Value>
        </Property>
        <Property>
            <Name>pages-line-color</Name>
            <Value>#CC0000</Value>
        </Property>
        <Property>
            <Name>show-grid</Name>
            <Value>false</Value>
        </Property>
        <Property>
            <Name>grid-color</Name>
            <Value>#D9D9D9</Value>
        </Property>
        <Property>
            <Name>grid-style</Name>
            <Value>solid</Value>
        </Property>
        <Property>
            <Name>grid-spacing</Name>
            <Value>2</Value>
        </Property>
        <Property>
            <Name>grid-spacing-units</Name>
            <Value>cm</Value>
        </Property>
        <Property>
            <Name>grid-subdivisions</Name>
            <Value>1</Value>
        </Property>
    </Properties>
    <DefaultAdditionalProperties>
        <Types>
            <Name>table</Name>
            <Properties/>
        </Types>
        <Types>
            <Name>column</Name>
            <Properties/>
        </Types>
        <Types>
            <Name>alternate_key</Name>
            <Properties/>
        </Types>
        <Types>
            <Name>index</Name>
            <Properties/>
        </Types>
        <Types>
            <Name>table_check</Name>
            <Properties/>
        </Types>
        <Types>
            <Name>trigger</Name>
            <Properties/>
        </Types>
        <Types>
            <Name>reference</Name>
            <Properties/>
        </Types>
        <Types>
            <Name>view</Name>
            <Properties/>
        </Types>
        <Types>
            <Name>sequence</Name>
            <Properties/>
        </Types>
        <Types>
            <Name>procedure</Name>
            <Properties/>
        </Types>
        <Types>
            <Name>all</Name>
            <Properties/>
        </Types>
        <Types>
            <Name>view_column</Name>
            <Properties/>
        </Types>
        <Types>
            <Name>primary_key</Name>
            <Properties/>
        </Types>
    </DefaultAdditionalProperties>
</DatabaseModel>
